{"stats":{"minecraft:crafted":{"minecraft:charcoal":11,"minecraft:crafting_table":1,"minecraft:stick":24,"minecraft:wooden_pickaxe":1,"minecraft:stone_pickaxe":1,"minecraft:stone_sword":1,"minecraft:furnace":1,"minecraft:torch":28,"minecraft:stone_axe":1,"minecraft:air":0,"minecraft:jungle_planks":28},"minecraft:picked_up":{"minecraft:crafting_table":1,"minecraft:jungle_log":18,"minecraft:torch":1,"minecraft:dirt":12,"minecraft:wheat_seeds":1,"minecraft:bamboo":135,"minecraft:melon_slice":39,"minecraft:glow_berries":2,"minecraft:coal":41,"minecraft:cobblestone":95},"minecraft:custom":{"minecraft:time_since_rest":20517,"minecraft:interact_with_furnace":4,"minecraft:sprint_one_cm":26945,"minecraft:damage_taken":80,"minecraft:walk_one_cm":42282,"minecraft:damage_dealt":68,"minecraft:interact_with_crafting_table":3,"minecraft:fly_one_cm":12086,"minecraft:play_time":20517,"minecraft:jump":220,"minecraft:leave_game":2,"minecraft:walk_on_water_one_cm":55,"minecraft:time_since_death":20517,"minecraft:climb_one_cm":2822,"minecraft:total_world_time":20517,"minecraft:fall_one_cm":1703},"minecraft:broken":{"minecraft:stone_pickaxe":1},"minecraft:used":{"minecraft:stone_sword":19,"minecraft:melon_slice":6,"minecraft:stone_pickaxe":132,"minecraft:wooden_pickaxe":17,"minecraft:stone_axe":24,"minecraft:glow_berries":3,"minecraft:torch":29,"minecraft:dirt":2,"minecraft:cobblestone":1,"minecraft:crafting_table":2,"minecraft:furnace":1},"minecraft:mined":{"minecraft:jungle_leaves":5,"minecraft:crafting_table":1,"minecraft:grass":5,"minecraft:grass_block":3,"minecraft:coal_ore":41,"minecraft:cave_vines":1,"minecraft:melon":7,"minecraft:jungle_log":18,"minecraft:dirt":9,"minecraft:bamboo":13,"minecraft:stone":93,"minecraft:oak_leaves":7}},"DataVersion":3465}